[
  {
    "pack": "oj-c",
    "id": "oj-c.MessageBanner",
    "name": "MessageBanner",
    "memberof": "oj-c",
    "longname": "oj-c.MessageBanner",
    "kind": "class",
    "classdesc": "<h3 id=\"bannerOverview-section\">\n  JET Message Banner\n  <a class=\"bookmarkable-link\" title=\"Bookmarkable Link\" href=\"#bannerOverview-section\"></a>\n</h3>\n<p>Description:</p>\n<p>Message banners are brief, moderately disruptive, semi-permanent messages that help communicate\nrelevant and useful information in the context of the current page or actions in progress,\nwithout blocking the interaction on that page.</p>\n\n<h4 id=\"messages-syntax-section\">\n Syntax\n <a class=\"bookmarkable-link\" title=\"Bookmarkable Link\" href=\"#messages-syntax-section\"></a>\n</h4>\nMessage Banner can be created with the following markup.</p>\n\n<pre class=\"prettyprint\"><code>\n&lt;oj-c-message-banner data=\"[[messages]]\" type=\"page\">\n&lt;/oj-c-message-banner>\n</code></pre>\n\n<p>The Message Banner component will show messages based on the data provided keeping it as a single\nsource of truth. Applications should register a listener for the ojClose event to be notified\nwhen one performs an action that requires a message to be closed. The application then should use the\nevent payload to identify and remove the corresponding row from the data which would then close the\nmessage.</p>\n\n<pre class=\"prettyprint\"><code>\n&lt;oj-c-message-banner data=\"[[messages]]\" type=\"page\" on-oj-close=\"[[handleClose]]\">\n&lt;/oj-c-message-banner>\n</code></pre>\n\n<h3 id=\"a11y-section\">\n  Accessibility\n  <a class=\"bookmarkable-link\" title=\"Bookmarkable Link\" href=\"#a11y-section\"></a>\n</h3>\n\n<p>The <code class=\"prettyprint\">MessageBannerItem[\"sound\"]</code> property is an accessibility\nfeature for playing a sound when a message is opened. This property defaults to \"none\", and can\nbe enabled by setting it to \"default\" or by providing a URL to an audio file of a format that the\nbrowser supports. An accessible application must provide a way for users to enable sound on a\nsettings or preferences page. Some browsers will have auto-play disabled by default, enabling\nit may require adjusting the browser settings.</p>\n\n<h3 id=\"keyboard-section\">\n  Keyboard End User Information\n  <a class=\"bookmarkable-link\" title=\"Bookmarkable Link\" href=\"#keyboard-section\"></a>\n</h3>\n\n<table class=\"keyboard-table\">\n  <thead>\n    <tr>\n      <th>Target</th>\n      <th>Key</th>\n      <th>Action</th>\n    </tr>\n  </thead>\n  <tbody>\n    <tr>\n      <td rowspan=\"4\">Focus within Messages</td>\n      <td><kbd>Tab</kbd> or <kbd>Shift + Tab</kbd></td>\n      <td>Navigate the content of the messages region.</td>\n    </tr>\n    <tr>\n      <td><kbd>F6</kbd></td>\n      <td>Cycles the focus through all the messages sections on the page starting from the most recent one.\n          Then finally, moves the focus back to the last focused element outside the messages region.</td>\n    </tr>\n    <tr>\n      <td><kbd>Esc</kbd></td>\n      <td>Moves focus back to the last focused element outside the messages region and closes the current message if it is closable.</td>\n    </tr>\n    <tr>\n      <td><kbd>Enter</kbd> or <kbd>Space</kbd></td>\n      <td>Activates the currently focused element in the message.</td>\n    </tr>\n    <tr>\n      <td rowspan = \"1\">Focus outside Messages</td>\n      <td><kbd>F6</kbd></td>\n      <td>Move focus to the first message within the more recently disclosed messages region.</td>\n    </tr>\n  </tbody>\n</table>",
    "scope": "static",
    "tagWithoutBrackets": "oj-c-message-banner",
    "tagWithBrackets": "<oj-c-message-banner>",
    "domInterface": "CMessageBannerElement",
    "ojPageTitle": "&lt;oj-c-message-banner>",
    "ojcomponent": true,
    "isvcomponent": true,
    "camelCaseName": "MessageBanner",
    "ojPageTitlePrefix": "Element: ",
    "ojtsvcomponent": true,
    "tstype": {
      "target": "Type",
      "value": "interface CMessageBannerElement<K extends string | number,D extends oj-c.MessageBanner.MessageBannerItem> extends JetElement<MessageBannerElementSettableProperties<K,D>>",
      "genericParameters": [
        {
          "name": "K",
          "description": "Type of key of the dataprovider. It can either be a string or a number."
        },
        {
          "name": "D",
          "description": "Type of the data from the dataprovider. It must extend the MessageBannerItem type."
        }
      ]
    },
    "ojsignature": [
      {
        "target": "Type",
        "value": "interface CMessageBannerElement<K extends string | number,D extends oj-c.MessageBanner.MessageBannerItem> extends JetElement<MessageBannerElementSettableProperties<K,D>>",
        "genericParameters": [
          {
            "name": "K",
            "description": "Type of key of the dataprovider. It can either be a string or a number."
          },
          {
            "name": "D",
            "description": "Type of the data from the dataprovider. It must extend the MessageBannerItem type."
          }
        ]
      }
    ],
    "since": "16.0.0",
    "tsdeprecated": [
      {
        "type": "supersedes",
        "since": "16.0.0",
        "value": [
          "oj-messages",
          "oj-message-banner"
        ]
      }
    ],
    "meta": {
      "filename": "message-banner.tsx",
      "path": "web/components/oj-c/message-banner"
    },
    "ojmodule": "message-banner"
  },
  {
    "memberof": "oj-c.MessageBanner",
    "id": "oj-c.MessageBanner#data",
    "name": "data",
    "kind": "member",
    "longname": "oj-c.MessageBanner#data",
    "optional": false,
    "scope": "instance",
    "description": "<p>Data for the Message Banner component. This data is used for rendering each banner message.\nThis is a required attribute. If an application needs to initialize the component with\nno initial messages, it would need to provide an empty DataProvider. When the application\nwants to show messages, it can then add new data to the existing DataProvider.\nSee <a href=\"MutableArrayDataProvider.html\">MutableArrayDataProvider</a> for more details.</p>\n\n<p>When specifying a DataProvider for the data attribute, you need to provide the keyAttributes\nfor the DataProvider. The oj-c-message-banner component expects a single attribute of type\nstring or number as the key of the DataProvider. When the data is updated this key attribute\nwill be used to determine whether a new message is being added or an existing message is being\nupdated. This is required for performing necessary animations. When the application replaces\nthe DataProvider, the component assumes that all the messages are newly added irrespective of their\nkeys and performs animation accordingly.</p>",
    "meta": {
      "filename": "message-banner.tsx",
      "path": "web/components/oj-c/message-banner"
    },
    "type": {
      "names": [
        "DataProvider"
      ]
    },
    "tstype": [
      {
        "target": "Type",
        "value": "DataProvider<K, D>",
        "jsdocOverride": true,
        "module": {
          "DataProvider": "ojdataprovider"
        }
      }
    ]
  },
  {
    "memberof": "oj-c.MessageBanner",
    "id": "oj-c.MessageBanner#type",
    "name": "type",
    "kind": "member",
    "longname": "oj-c.MessageBanner#type",
    "optional": true,
    "scope": "instance",
    "description": "A Banner message can have a different look and feel. For example, when using page-level\nmessaging the messages need to be rendered from edge to edge without any outline. On the other\nhand, when they are being used in a section of a page or a dialog, they need to be rendered\nwith an outline. This attribute can be used to specify where the component is being used so that\nit will render the messages accordingly.",
    "meta": {
      "filename": "message-banner.tsx",
      "path": "web/components/oj-c/message-banner"
    },
    "ojvalues": [
      {
        "name": "page",
        "description": "Renders the messages as edge-to-edge messages with no gap in between them.",
        "displayName": "Page",
        "type": {
          "names": [
            "string"
          ]
        }
      },
      {
        "name": "section",
        "description": "Renders the messages as section messages - with rounded corners, outline and gap between messages.",
        "displayName": "Section",
        "type": {
          "names": [
            "string"
          ]
        }
      }
    ],
    "defaultvalue": "\"section\"",
    "type": {
      "names": [
        "\"page\"",
        "\"section\""
      ]
    }
  },
  {
    "memberof": "oj-c.MessageBanner",
    "id": "oj-c.MessageBanner#detailTemplateValue",
    "name": "detailTemplateValue",
    "kind": "member",
    "longname": "oj-c.MessageBanner#detailTemplateValue",
    "optional": true,
    "scope": "instance",
    "description": "Applications can use this property to provide the name of a template or a function that\nreturns the name of a template to use for rendering the detail content.\n\nWhen a template name is provided as a value for this property, the corresponding template\nwill be used for rendering the detail content for all the messages. If applications want\nto use a different template for different messages, they can provide a function that\nreturns a template name instead.\n\nThe provided function should accept an object of type MessageBannerTemplateValueParameters\nand return a key to a template for rendering the corresponding message's detail content.\nThe value returned from this function should be a key to one of the dynamic template slots\nprovided. If the returned value is not one of the keys of the provided dynamic template slots,\nthe component will throw an Error.\n\nIf the function returns undefined, the component then will perform default rendering\nof the detail content using the detail property of the corresponding message.\n\nIf an application specifies both detail and a valid detail-template-value, the detail-template-value\nwill take precedence and the corresponding template will be used for rendering the detail content.<p><span style=\"font-weight: bold\">Note:</span> For additional information see <a href=\"#DynamicSlots.MessageBannerTemplateContext\">DynamicSlots.MessageBannerTemplateContext</a>.</p>",
    "dynamicSlotDef": "MessageBannerTemplateContext",
    "meta": {
      "filename": "message-banner.tsx",
      "path": "web/components/oj-c/message-banner"
    },
    "type": {
      "names": [
        "string|function"
      ]
    },
    "tstype": [
      {
        "target": "Type",
        "value": "string|(parameters: oj-c.MessageBanner.MessageBannerTemplateValueParameters<K, D>) => string | undefined",
        "jsdocOverride": true
      }
    ]
  },
  {
    "memberof": "oj-c.MessageBanner",
    "id": "oj-c.MessageBanner#sorting",
    "name": "sorting",
    "kind": "member",
    "longname": "oj-c.MessageBanner#sorting",
    "optional": true,
    "scope": "instance",
    "description": "Specifies how to sort the messages from the dataprovider.",
    "meta": {
      "filename": "message-banner.tsx",
      "path": "web/components/oj-c/message-banner"
    },
    "ojvalues": [
      {
        "name": "severity",
        "description": "Sort the messages in the decreasing order of severity: error, warning, info, confirmation, and none. Then sort the messages of the same severity in reverse chronological order using the timestamp property.",
        "displayName": "Severity",
        "type": {
          "names": [
            "string"
          ]
        }
      },
      {
        "name": "off",
        "description": "Messages appear in the order they are supplied with no additional sorting.",
        "displayName": "Off",
        "type": {
          "names": [
            "string"
          ]
        }
      }
    ],
    "defaultvalue": "\"severity\"",
    "type": {
      "names": [
        "\"off\"",
        "\"severity\""
      ]
    }
  },
  {
    "memberof": "oj-c.MessageBanner",
    "id": "oj-c.MessageBanner#setProperty",
    "name": "setProperty",
    "kind": "function",
    "longname": "oj-c.MessageBanner#setProperty",
    "description": "Sets a property or a single subproperty for complex properties and notifies the component of the change, triggering a corresponding event.",
    "meta": {
      "filename": "message-banner.tsx",
      "path": "web/components/oj-c/message-banner"
    },
    "scope": "instance",
    "params": [
      {
        "name": "property",
        "description": "The property name to set. Supports dot notation for subproperty access.",
        "type": "string"
      },
      {
        "name": "value",
        "description": "The new value to set the property to.",
        "type": "any"
      }
    ],
    "returns": [
      {
        "type": {
          "names": [
            "void"
          ]
        }
      }
    ]
  },
  {
    "memberof": "oj-c.MessageBanner",
    "id": "oj-c.MessageBanner#getProperty",
    "name": "getProperty",
    "kind": "function",
    "longname": "oj-c.MessageBanner#getProperty",
    "description": "Retrieves the value of a property or a subproperty.",
    "meta": {
      "filename": "message-banner.tsx",
      "path": "web/components/oj-c/message-banner"
    },
    "scope": "instance",
    "params": [
      {
        "name": "property",
        "description": "The property name to get. Supports dot notation for subproperty access.",
        "type": "string"
      }
    ],
    "returns": [
      {
        "type": {
          "names": [
            "any"
          ]
        }
      }
    ]
  },
  {
    "memberof": "oj-c.MessageBanner",
    "id": "oj-c.MessageBanner#setProperties",
    "name": "setProperties",
    "kind": "function",
    "longname": "oj-c.MessageBanner#setProperties",
    "description": "Performs a batch set of properties.",
    "meta": {
      "filename": "message-banner.tsx",
      "path": "web/components/oj-c/message-banner"
    },
    "scope": "instance",
    "params": [
      {
        "name": "properties",
        "description": "An object containing the property and value pairs to set.",
        "type": "object"
      }
    ],
    "returns": [
      {
        "type": {
          "names": [
            "void"
          ]
        }
      }
    ]
  },
  {
    "memberof": "oj-c.MessageBanner",
    "id": "oj-c.MessageBanner#event:ojClose",
    "name": "ojClose",
    "kind": "event",
    "longname": "oj-c.MessageBanner#event:ojClose",
    "description": "Triggered when a user tries to close a message through UI interaction. The application\nshould listen to this event and remove the corresponding message item from the data\nwhich would then result in the message being closed. If the application\nfails to remove the message item from the data, then no change will be done in the\nUI by the component and the message will stay in the UI opened.",
    "meta": {
      "filename": "message-banner.tsx",
      "path": "web/components/oj-c/message-banner"
    },
    "scope": "instance",
    "properties": [
      {
        "name": "data",
        "description": "The data that was used to render the message.",
        "optional": false,
        "type": {
          "names": [
            "any"
          ]
        },
        "tstype": [
          {
            "target": "Type",
            "value": "D",
            "jsdocOverride": true,
            "for": "data"
          }
        ]
      },
      {
        "name": "key",
        "description": "The key for the message.",
        "optional": false,
        "type": {
          "names": [
            "string|number"
          ]
        },
        "tstype": [
          {
            "target": "Type",
            "value": "K",
            "jsdocOverride": true,
            "for": "key"
          }
        ]
      },
      {
        "name": "metadata",
        "description": "The metadata of the message.",
        "optional": false,
        "type": {
          "names": [
            "object"
          ]
        },
        "tstype": [
          {
            "target": "Type",
            "value": "ItemMetadata<K>",
            "jsdocOverride": true,
            "for": "metadata",
            "module": {
              "ItemMetadata": "ojdataprovider"
            }
          }
        ]
      }
    ]
  },
  {
    "memberof": "oj-c.MessageBanner",
    "dynamicSlot": true,
    "id": "oj-c.MessageBanner#DynamicSlots.MessageBannerTemplateContext",
    "name": "DynamicSlots.MessageBannerTemplateContext",
    "kind": "member",
    "longname": "oj-c.MessageBanner#DynamicSlots.MessageBannerTemplateContext",
    "description": "Structure of template context used for dynamic templates \n    <p><span style=\"font-weight: bold\">Note:</span> For additional information see <a href=\"#detailTemplateValue\">detail-template-value</a>.</p>",
    "meta": {
      "filename": "message-banner.tsx",
      "path": "web/components/oj-c/message-banner"
    },
    "scope": "instance",
    "ojchild": false,
    "ojslot": true,
    "ojtemplateslotprops": "MessageBannerTemplateContext",
    "properties": [
      {
        "name": "data",
        "description": "The data for the current message",
        "optional": false,
        "type": {
          "names": [
            "any"
          ]
        },
        "tstype": [
          {
            "target": "Type",
            "value": "D",
            "jsdocOverride": true,
            "for": "data"
          }
        ]
      },
      {
        "name": "key",
        "description": "The key for the current message",
        "optional": false,
        "type": {
          "names": [
            "string|number"
          ]
        },
        "tstype": [
          {
            "target": "Type",
            "value": "K",
            "jsdocOverride": true,
            "for": "key"
          }
        ]
      },
      {
        "name": "metadata",
        "description": "The metadata for the current message",
        "optional": false,
        "type": {
          "names": [
            "object"
          ]
        },
        "tstype": [
          {
            "target": "Type",
            "value": "ItemMetadata<K>",
            "jsdocOverride": true,
            "for": "metadata",
            "module": {
              "ItemMetadata": "ojdataprovider"
            }
          }
        ]
      }
    ]
  },
  {
    "id": "oj-c.MessageBanner.keyboardDoc",
    "name": "keyboardDoc",
    "kind": "member",
    "longname": "oj-c.MessageBanner.keyboardDoc",
    "description": "<table class=\"keyboard-table\">\n  <thead>\n    <tr>\n      <th>Target</th>\n      <th>Key</th>\n      <th>Action</th>\n    </tr>\n  </thead>\n  <tbody>\n    <tr>\n      <td rowspan=\"4\">Focus within Messages</td>\n      <td><kbd>Tab</kbd> or <kbd>Shift + Tab</kbd></td>\n      <td>Navigate the content of the messages region.</td>\n    </tr>\n    <tr>\n      <td><kbd>F6</kbd></td>\n      <td>Cycles the focus through all the messages sections on the page starting from the most recent one.\n          Then finally, moves the focus back to the last focused element outside the messages region.</td>\n    </tr>\n    <tr>\n      <td><kbd>Esc</kbd></td>\n      <td>Moves focus back to the last focused element outside the messages region and closes the current message if it is closable.</td>\n    </tr>\n    <tr>\n      <td><kbd>Enter</kbd> or <kbd>Space</kbd></td>\n      <td>Activates the currently focused element in the message.</td>\n    </tr>\n    <tr>\n      <td rowspan = \"1\">Focus outside Messages</td>\n      <td><kbd>F6</kbd></td>\n      <td>Move focus to the first message within the more recently disclosed messages region.</td>\n    </tr>\n  </tbody>\n</table>",
    "memberof": "oj-c.MessageBanner",
    "meta": {
      "filename": "message-banner.tsx",
      "path": "web/components/oj-c/message-banner"
    },
    "ojfragment": true
  },
  {
    "memberof": "oj-c.MessageBanner",
    "id": "oj-c.MessageBanner.MessageBannerItem",
    "name": "MessageBannerItem",
    "kind": "typedef",
    "longname": "oj-c.MessageBanner.MessageBannerItem",
    "scope": "static",
    "description": "An object representing a single message in MessageBanner component.",
    "type": {
      "names": [
        "Object"
      ]
    },
    "meta": {
      "filename": "message-banner.tsx",
      "path": "web/components/oj-c/message-banner"
    },
    "properties": [
      {
        "name": "closeAffordance",
        "description": "Defines whether or not to include the close icon for the message",
        "optional": true,
        "type": {
          "names": [
            "\"off\"",
            "\"on\""
          ]
        }
      },
      {
        "name": "detail",
        "description": "Defines the detail text of the message",
        "optional": true,
        "type": {
          "names": [
            "string"
          ]
        }
      },
      {
        "name": "severity",
        "description": "Defines the severity of the message",
        "optional": true,
        "type": {
          "names": [
            "\"none\"",
            "\"error\"",
            "\"confirmation\"",
            "\"info\"",
            "\"warning\""
          ]
        }
      },
      {
        "name": "sound",
        "description": "Defines the sound to be played when opening the message",
        "optional": true,
        "type": {
          "names": [
            "string"
          ]
        }
      },
      {
        "name": "summary",
        "description": "Defines the primary text of the message",
        "optional": true,
        "type": {
          "names": [
            "string"
          ]
        }
      },
      {
        "name": "timestamp",
        "description": "Defines the timestamp for the message in ISO format",
        "optional": true,
        "type": {
          "names": [
            "string"
          ]
        }
      }
    ]
  },
  {
    "memberof": "oj-c.MessageBanner",
    "id": "oj-c.MessageBanner.MessageBannerTemplateValueParameters",
    "name": "MessageBannerTemplateValueParameters",
    "kind": "typedef",
    "longname": "oj-c.MessageBanner.MessageBannerTemplateValueParameters",
    "scope": "static",
    "description": "Structure of parameters passed on to the templateKey properties.",
    "tsgenerictype": {
      "target": "Type",
      "value": "<K extends string | number,D extends MessageBannerItem>",
      "for": "genericTypeParameters"
    },
    "type": {
      "names": [
        "Object"
      ]
    },
    "meta": {
      "filename": "message-banner.tsx",
      "path": "web/components/oj-c/message-banner"
    },
    "properties": [
      {
        "name": "data",
        "description": "The data for the current message",
        "optional": false,
        "type": {
          "names": [
            "any"
          ]
        },
        "tstype": [
          {
            "target": "Type",
            "value": "D",
            "jsdocOverride": true,
            "for": "data"
          }
        ]
      },
      {
        "name": "key",
        "description": "The key for the current message",
        "optional": false,
        "type": {
          "names": [
            "string|number"
          ]
        },
        "tstype": [
          {
            "target": "Type",
            "value": "K",
            "jsdocOverride": true,
            "for": "key"
          }
        ]
      },
      {
        "name": "metadata",
        "description": "The metadata for the current message",
        "optional": false,
        "type": {
          "names": [
            "object"
          ]
        },
        "tstype": [
          {
            "target": "Type",
            "value": "ItemMetadata<K>",
            "jsdocOverride": true,
            "for": "metadata",
            "module": {
              "ItemMetadata": "ojdataprovider"
            }
          }
        ]
      }
    ]
  }
]