[
  {
    "pack": "oj-c",
    "id": "oj-c.RichRadioset",
    "name": "RichRadioset",
    "memberof": "oj-c",
    "longname": "oj-c.RichRadioset",
    "kind": "class",
    "classdesc": "<h3 id=\"richRadiosetOverview-section\">\n  JET Rich Radioset Component\n  <a class=\"bookmarkable-link\" title=\"Bookmarkable Link\" href=\"#richRadiosetOverview-section\"></a>\n</h3>\n<p>\nDescription: A JET Rich Radio Set component allows the user to select one option from a set of mutually exclusive rich options.\n</p>\n<p>The options content can be configured via an array.\nOnce an array is set it should not be mutated. In order to change the data, a new array instance must be set.\n</p>\n<p>\n You can enable and disable an oj-c-rich-radioset, which will enable and disable all contained radio items.\n</p>\n<p>\n You can also set an oj-c-rich-radioset to readonly,\n which will make all the radio items readonly.\n</p>\n\n<h3 id=\"validation-section\">\n  Validation and Messaging\n  <a class=\"bookmarkable-link\" title=\"Bookmarkable Link\" href=\"#validation-section\"></a>\n</h3>\n\n<p>\nAn editable component runs validation (normal or deferred) based on the action performed on it\n(either by end-user or page author), and the state it was in when the action occurred. Examples\nof actions are - creating a component, user changing the value of the component by interacting\nwith it, the app setting a value programmatically, the app calling the validate() method etc. At\nthe time the action occurs, the component could already be showing errors, or can have a deferred\nerror or have no errors.\n</p>\n<p>\nThese factors also determine whether validation errors/messages get shown to the user immediately\nor get deferred. The following sections highlight the kinds of validation that are run and how\nmessages get handled.\n</p>\n\n<h4 id=\"normal-validation-section\">\n  Normal Validation\n  <a class=\"bookmarkable-link\" title=\"Bookmarkable Link\" href=\"#normal-validation-section\"></a>\n</h4>\nNormal validation is run in the following cases on the display value, using the converter and\nvalidators (this includes async-validators) set on the component,\nand validation errors are reported to user immediately.\n<ul>\n<li>When value changes as a result of user interaction all messages are cleared, including custom\nmessages added by the app, and full validation is run on the UI value. The steps performed are\noutlined below.\n<ol>\n<li>All messages are cleared and <code class=\"prettyprint\">messagesCustom</code> property is cleared</li>\n<li>If no converter is present then processing continues to next step. If a converter is\npresent, the UI value is first converted (i.e., parsed). If there is a parse error then\nthe messages are shown and processing returns.</li>\n<li>If there are no validators setup for the component then the value is set on the component.\nOtherwise all validators are run in sequence using the parsed value from the previous step. The\nimplicit required is run first if the component is marked required. When a validation error is\nencountered it is remembered and the next validator in the sequence is run.\n<ul><li>NOTE: The value is trimmed before required validation is run</li></ul>\n</li>\n<li>At the end of the validation run if there are errors, the messages are shown\nand processing returns. If there are async-validators, those errors are shown as soon as they\ncome in, and not until all validators, sync and async validators, are complete, does processing\nreturn, that is, value and valid are updated. If there are no errors, then the\n<code class=\"prettyprint\">value</code> property is updated and the formatted value displayed on the\nUI.</li>\n</ol>\n</li>\n<li>When the <code class=\"prettyprint\">validate</code> method is called by app, all messages are\ncleared and full validation run using the display value. See <code class=\"prettyprint\">validate</code>\nmethod on the sub-classes for details. Note: JET validation is designed to catch user input errors, and not invalid\ndata passed from the server; this should be caught on the server.</li>\n<li>When certain properties change through programmatic intervention by app, the component\ndetermines whether it needs to run normal validation based on the state the component is in.\nRefer to the <a href=\"#mixed-validation-section\">Mixed Validation</a> section below for details. </li>\n</ul>\n\n<h4 id=\"deferred-validation-section\">\n  Deferred Validation\n  <a class=\"bookmarkable-link\" title=\"Bookmarkable Link\" href=\"#deferred-validation-section\"></a>\n</h4>\nDeferred validation is run in the following cases on the component value using the implicit\nrequired validator if required is true, and validation errors are deferred, i.e., not shown to user immediately.\nRefer to the <a href=\"#deferred-messages-section\">Showing Deferred Messages</a> section to\nunderstand how deferred messages can be shown.\n<ul>\n <li>When a component is created and it is required deferred validation is run and no messages are cleared\n prior to running validation.\n Refer to the <a href=\"#deferred-validators-section\">Validators\n Participating in Deferred Validation</a> section for details.</li>\n <li>When the <code class=\"prettyprint\">value</code> property changes due to programmatic\n intervention deferred validation is run, after all messages and messagesCustom property are cleared.</li>\n <li>When the <code class=\"prettyprint\">reset</code> method is called, deferred validation is run\n  after all messages and messagesCustom property are cleared.</li>\n <li>When certain properties change through programmatic intervention by app, the component\n determines whether it needs to run deferred validation based on the state the component is in.\n Refer to the <a href=\"#mixed-validation-section\">Mixed Validation</a> section below for details.</li>\n</ul>\n\n<h4 id=\"mixed-validation-section\">\n  Mixed Validation\n  <a class=\"bookmarkable-link\" title=\"Bookmarkable Link\" href=\"#mixed-validation-section\"></a>\n</h4>\nEither deferred or normal validation is run in the following cases based on the state the\ncomponent is in and any validation errors encountered are either hidden or shown to user.\n<ul>\n <li>when disabled property changes. See <a href=\"#disabled\">disabled</a> property for details.</li>\n <li>when converter property changes. See <a href=\"#converter\">converter</a> property for details.</li>\n <li>when required property changes. See <a href=\"#required\">required</a> property for details.</li>\n <li>when validators property changes. See <a href=\"#validators\">validators</a> property for details.</li>\n</ul>\n\n<h3 id=\"deferred-messages-section\">\n  Showing Deferred Messages\n  <a class=\"bookmarkable-link\" title=\"Bookmarkable Link\" href=\"#deferred-messages-section\"></a>\n</h3>\nDeferred validation messages are displayed only when page author requests for it explicitly in\none of the following ways:\n<ul>\n<li>calls the <a href=\"#showMessages\"><code class=\"prettyprint\">showMessages</code></a> method on the component</li>\n</ul>\n\n<h3 id=\"deferred-validators-section\">\n  Validators Participating in Deferred Validation\n  <a class=\"bookmarkable-link\" title=\"Bookmarkable Link\" href=\"#deferred-validators-section\"></a>\n</h3>\nThe required validator is the only validator type that participates in deferred validation.\nThe required property needs to be set to true for the required validator to run.\n\n<h3 id=\"user-assistance-text-section\">\n  User Assistance Text\n  <a class=\"bookmarkable-link\" title=\"Bookmarkable Link\" href=\"#user-assistance-text-section\"></a>\n</h3>\n<p>\nUser assistive text provides guidance to help the user understand what data to enter or select.\n</p>\n<p>\nBy default all user assistance text shows inline at the top of the rich radioset and is always displayed if there is any defined for the set.\nSee the user-assistance-density property for other ways the user assistance text can render.\n</p>\n<p>\nThe JET form component properties that are used for user assistance text are help.instruction, and help-hints.\nIn the Redwood theme for clarity only one user assistance text shows to the user.\nThe precedence rules are:\n<ul>\n<li>help.instruction shows;</li>\n<li>if no help.instruction, then help-hints.definition shows;</li>\n<li>help-hints.source always shows along side the above.</li>\n</ul>\n</p>\n<p>\nIf the required property was set to true, this can also be used to guide the user.\nIn this case, the word Required will be rendered under the rich radioset when no value was set for the component.\n</p>\n\n<h3 id=\"touch-section\">\n  Touch End User Information\n  <a class=\"bookmarkable-link\" title=\"Bookmarkable Link\" href=\"#touch-section\"></a>\n</h3>\n<table class=\"keyboard-table\">\n  <thead>\n    <tr>\n      <th>Target</th>\n      <th>Gesture</th>\n      <th>Action</th>\n    </tr>\n  </thead>\n  <tbody>\n    <tr>\n      <td>Rich Radio Card</td>\n      <td><kbd>Tap</kbd></td>\n      <td>Select the corresponding radio button.</td>\n    </tr>\n  </tbody>\n</table>\n\n<h3 id=\"keyboard-section\">\n  Keyboard End User Information\n  <a class=\"bookmarkable-link\" title=\"Bookmarkable Link\" href=\"#keyboard-section\"></a>\n</h3>\n\n<table class=\"keyboard-table\">\n  <thead>\n    <tr>\n      <th>Target</th>\n      <th>Key</th>\n      <th>Action</th>\n    </tr>\n  </thead>\n  <tbody>\n    <tr>\n      <td>Rich Radioset</td>\n      <td><kbd>Tab In</kbd></td>\n      <td>Sets focus to the selected card in the rich radioset.\n      Otherwise, it will set focus to the first focusable card in the rich radioset.\n      Disabled radio cards are not focusable.</td>\n    </tr>\n    <tr>\n      <td rowspan=\"2\">Rich Radio Card</td>\n      <td><kbd>UpArrow</kbd></td>\n      <td>Select the previous radio button in the group.</td>\n    </tr>\n    <tr>\n      <td><kbd>DownArrow</kbd></td>\n      <td>Select the next radio button in the group.</td>\n    </tr>\n    <tr>\n      <td>Rich Radioset</td>\n      <td><kbd>Shift+Tab</kbd></td>\n      <td>Sets focus to the selected card in the rich radioset.\n       If the focus is currently on the first focusable radio card in the set, it will\n       shift to the \"Learn More\" link if help source exists. If no help source is available,\n       the focus will move to the previous focusable element on the page before the `oj-c-rich-radioset`.\n       Disabled radio cards are not focusable.</td>\n    </tr>\n  </tbody>\n</table>\n\n<h3 id=\"a11y-section\">\n  Accessibility\n  <a class=\"bookmarkable-link\" title=\"Bookmarkable Link\" href=\"#a11y-section\"></a>\n</h3>\n\n<p>JET oj-c-rich-radioset takes care of setting\n<code class=\"prettyprint\">role=\"radiogroup\"</code> on the oj-c-rich-radioset element.\n</p>\n\n<p>\nFor accessibility, set the label-hint property.\nIf the desire is to not have a visible label, then to make this accessible to screen reader users,\nset label-hint to a value and the label-edge to 'none' which renders an aria-label with the label-hint text.\n</p>\n\n<p>Disabled content: JET supports an accessible luminosity contrast ratio,\nas specified in <a href=\"http://www.w3.org/TR/WCAG20/#visual-audio-contrast-contrast\">WCAG 2.0 - Section 1.4.3 \"Contrast\"</a>,\nin the themes that are accessible.  (See the \"Theming\" chapter of the JET Developer Guide for more information on which\nthemes are accessible.)  Note that Section 1.4.3 says that text or images of text that are part of an inactive user\ninterface component have no contrast requirement.  Because disabled content may not meet the minimum contrast ratio\nrequired of enabled content, it cannot be used to convey meaningful information.<p>\n</p>",
    "scope": "static",
    "tagWithoutBrackets": "oj-c-rich-radioset",
    "tagWithBrackets": "<oj-c-rich-radioset>",
    "domInterface": "CRichRadiosetElement",
    "ojPageTitle": "&lt;oj-c-rich-radioset>",
    "ojcomponent": true,
    "isvcomponent": true,
    "camelCaseName": "RichRadioset",
    "ojPageTitlePrefix": "Element: ",
    "ojtsvcomponent": true,
    "tstype": {
      "target": "Type",
      "value": "interface CRichRadiosetElement<V extends string | number> extends JetElement<RichRadiosetElementSettableProperties<V>>"
    },
    "ojsignature": [
      {
        "target": "Type",
        "value": "interface CRichRadiosetElement<V extends string | number> extends JetElement<RichRadiosetElementSettableProperties<V>>"
      }
    ],
    "since": "18.1.0",
    "tsdeprecated": [
      {
        "type": "candidate",
        "since": "18.1.0"
      }
    ],
    "meta": {
      "filename": "rich-radioset.tsx",
      "path": "web/components/oj-c/rich-radioset"
    },
    "ojmodule": "rich-radioset"
  },
  {
    "memberof": "oj-c.RichRadioset",
    "id": "oj-c.RichRadioset#containerReadonly",
    "name": "containerReadonly",
    "kind": "member",
    "longname": "oj-c.RichRadioset#containerReadonly",
    "optional": true,
    "scope": "instance",
    "description": "Specifies whether an ancestor container, like oj-c-form-layout, is readonly.\nThis affects whether a readonly component renders in full or mixed readonly mode.",
    "meta": {
      "filename": "rich-radioset.tsx",
      "path": "web/components/oj-c/rich-radioset"
    },
    "type": {
      "names": [
        "boolean"
      ]
    }
  },
  {
    "memberof": "oj-c.RichRadioset",
    "id": "oj-c.RichRadioset#columnSpan",
    "name": "columnSpan",
    "kind": "member",
    "longname": "oj-c.RichRadioset#columnSpan",
    "optional": true,
    "scope": "instance",
    "description": "Specifies how many columns this component should span.\nThis only takes effect when this component is a child of a form layout\nthat has direction 'row'.",
    "meta": {
      "filename": "rich-radioset.tsx",
      "path": "web/components/oj-c/rich-radioset"
    },
    "defaultvalue": 1,
    "type": {
      "names": [
        "number"
      ]
    }
  },
  {
    "memberof": "oj-c.RichRadioset",
    "id": "oj-c.RichRadioset#disabled",
    "name": "disabled",
    "kind": "member",
    "longname": "oj-c.RichRadioset#disabled",
    "optional": true,
    "scope": "instance",
    "description": "Whether the component is disabled. The default is false.\n\n<p>\nWhen the <code class=\"prettyprint\">disabled</code> property changes due to programmatic\nintervention, the component may clear messages and run validation in some cases. </br>\n<ul>\n<li>when a required component is initialized as disabled\n<code class=\"prettyprint\">value=\"{{currentValue}}\" required disabled</code>,\ndeferred validation is skipped.</li>\n<li>when a disabled component is enabled,\n <ul>\n <li>if component is invalid and showing messages then all component messages are cleared,\n and full validation run using the display value.\n<ul>\n <li>if there are validation errors, they are shown.</li>\n <li>if no errors result from the validation, the <code class=\"prettyprint\">value</code>\n property is updated. Page authors can listen to the <code class=\"prettyprint\">valueChanged</code>\n event to clear custom errors.</li>\n</ul>\n </li>\n\n <li>if component is valid and has no errors then deferred validation is run.\n <ul>\n <li>if there is a deferred validation error, then the valid property is updated. </li>\n </ul>\n </li>\n <li>if component is invalid and deferred errors then component messages are cleared and\n deferred validation re-run.\n <ul>\n <li>if there is a deferred validation error, then the valid property is updated.</li>\n </ul>\n </li>\n </ul>\n</li>\n<li>when enabled component is disabled then no validation is run and the component appears\ndisabled.</li>\n</ul>\n</p>",
    "meta": {
      "filename": "rich-radioset.tsx",
      "path": "web/components/oj-c/rich-radioset"
    },
    "defaultvalue": false,
    "type": {
      "names": [
        "boolean"
      ]
    }
  },
  {
    "memberof": "oj-c.RichRadioset",
    "id": "oj-c.RichRadioset#displayOptions",
    "name": "displayOptions",
    "kind": "member",
    "longname": "oj-c.RichRadioset#displayOptions",
    "optional": true,
    "scope": "instance",
    "description": "Display options for auxiliary content that describes whether or not it should be displayed.",
    "meta": {
      "filename": "rich-radioset.tsx",
      "path": "web/components/oj-c/rich-radioset"
    },
    "type": {
      "names": [
        "object"
      ]
    },
    "tstype": [
      {
        "target": "Type",
        "value": "oj-c.RichRadioset.DisplayOptionsProps",
        "jsdocOverride": true
      }
    ]
  },
  {
    "memberof": "oj-c.RichRadioset",
    "id": "oj-c.RichRadioset#help",
    "name": "help",
    "kind": "member",
    "longname": "oj-c.RichRadioset#help",
    "optional": true,
    "scope": "instance",
    "description": "Form component help information.",
    "meta": {
      "filename": "rich-radioset.tsx",
      "path": "web/components/oj-c/rich-radioset"
    },
    "type": {
      "names": [
        "object"
      ]
    },
    "tstype": [
      {
        "target": "Type",
        "value": "oj-c.RichRadioset.Help",
        "jsdocOverride": true
      }
    ]
  },
  {
    "memberof": "oj-c.RichRadioset",
    "id": "oj-c.RichRadioset#helpHints",
    "name": "helpHints",
    "kind": "member",
    "longname": "oj-c.RichRadioset#helpHints",
    "optional": true,
    "scope": "instance",
    "description": "The helpHints object contains a definition property, sourceText property, and a source property.",
    "meta": {
      "filename": "rich-radioset.tsx",
      "path": "web/components/oj-c/rich-radioset"
    },
    "type": {
      "names": [
        "object"
      ]
    },
    "tstype": [
      {
        "target": "Type",
        "value": "oj-c.RichRadioset.HelpHints",
        "jsdocOverride": true
      }
    ]
  },
  {
    "memberof": "oj-c.RichRadioset",
    "id": "oj-c.RichRadioset#labelEdge",
    "name": "labelEdge",
    "kind": "member",
    "longname": "oj-c.RichRadioset#labelEdge",
    "optional": true,
    "scope": "instance",
    "description": "Specifies how the label of the component is positioned when the label-hint\nattribute is set on the component.",
    "meta": {
      "filename": "rich-radioset.tsx",
      "path": "web/components/oj-c/rich-radioset"
    },
    "ojvalues": [
      {
        "name": "inside",
        "description": "The label will be placed on top of the rich radioset, but is smaller than 'top' option.",
        "displayName": "Inside",
        "type": {
          "names": [
            "string"
          ]
        }
      },
      {
        "name": "none",
        "description": "The rich radioset will not create a label, but instead set the aria-label property on the rich radioset.",
        "displayName": "None",
        "type": {
          "names": [
            "string"
          ]
        }
      },
      {
        "name": "start",
        "description": "The label will be placed before the start of the rich radioset.",
        "displayName": "Start",
        "type": {
          "names": [
            "string"
          ]
        }
      },
      {
        "name": "top",
        "description": "The label will be placed on top of the rich radioset.",
        "displayName": "Top",
        "type": {
          "names": [
            "string"
          ]
        }
      }
    ],
    "type": {
      "names": [
        "\"none\"",
        "\"start\"",
        "\"top\"",
        "\"inside\""
      ]
    }
  },
  {
    "memberof": "oj-c.RichRadioset",
    "id": "oj-c.RichRadioset#labelHint",
    "name": "labelHint",
    "kind": "member",
    "longname": "oj-c.RichRadioset#labelHint",
    "optional": false,
    "scope": "instance",
    "description": "Represents a hint for rendering a label on the component.\nThis is used in combination with the label-edge attribute to control how the label should be rendered.",
    "meta": {
      "filename": "rich-radioset.tsx",
      "path": "web/components/oj-c/rich-radioset"
    },
    "type": {
      "names": [
        "string"
      ]
    }
  },
  {
    "memberof": "oj-c.RichRadioset",
    "id": "oj-c.RichRadioset#labelStartWidth",
    "name": "labelStartWidth",
    "kind": "member",
    "longname": "oj-c.RichRadioset#labelStartWidth",
    "optional": true,
    "scope": "instance",
    "description": "<p> The width of the label when labelEdge is 'start'.</p>\n<p> This attribute accepts values of type\n<code>0 | `var(${string})` | `--${string}` | `${number}%` | `${number}x` | `calc(${string})` | `${number}${CssUnits}</code></p>",
    "meta": {
      "filename": "rich-radioset.tsx",
      "path": "web/components/oj-c/rich-radioset"
    },
    "type": {
      "names": [
        "number|string"
      ]
    }
  },
  {
    "memberof": "oj-c.RichRadioset",
    "id": "oj-c.RichRadioset#layout",
    "name": "layout",
    "kind": "member",
    "longname": "oj-c.RichRadioset#layout",
    "optional": false,
    "scope": "instance",
    "description": "Specifies the layout of the cards and media.",
    "meta": {
      "filename": "rich-radioset.tsx",
      "path": "web/components/oj-c/rich-radioset"
    },
    "type": {
      "names": [
        "\"sm\"",
        "\"md\"",
        "\"xl\""
      ]
    }
  },
  {
    "memberof": "oj-c.RichRadioset",
    "id": "oj-c.RichRadioset#messagesCustom",
    "name": "messagesCustom",
    "kind": "member",
    "longname": "oj-c.RichRadioset#messagesCustom",
    "optional": true,
    "scope": "instance",
    "ojwriteback": true,
    "description": "List of messages an app would add to the component when it has business/custom validation\nerrors that it wants the component to show. This allows the app to perform further validation\nbefore sending data to the server. When this option is set the message shows to the\nuser right away. To clear the custom message, set <code class=\"prettyprint\">messagesCustom</code>\nback to an empty array.<br/>\n<p>\nSee the <a href=\"#validation-section\">Validation and Messages</a> section\nfor details on when the component clears <code class=\"prettyprint\">messagesCustom</code>;\nfor example, when full validation is run.\n</p>",
    "meta": {
      "filename": "rich-radioset.tsx",
      "path": "web/components/oj-c/rich-radioset"
    },
    "defaultvalue": "[]",
    "type": {
      "names": [
        "Array<object>"
      ]
    },
    "tstype": [
      {
        "target": "Type",
        "value": "Array<oj-c.RichRadioset.ComponentMessageItem>",
        "jsdocOverride": true
      }
    ]
  },
  {
    "memberof": "oj-c.RichRadioset",
    "id": "oj-c.RichRadioset#readonly",
    "name": "readonly",
    "kind": "member",
    "longname": "oj-c.RichRadioset#readonly",
    "optional": true,
    "scope": "instance",
    "description": "<p>\nWhether the component is readonly. The readonly property sets or returns whether an element\nis readonly, or not. A readonly element cannot be modified. However, a user can tab to it,\nhighlight it, focus on it, and copy the text from it. If you want to prevent the user from\ninteracting with the element, use the disabled property instead.\n</p>\n<p>\nIf the property value is not set either directly on the component or inherited from\na parent form layout, then the property is treated as if its value were false.\n</p>",
    "meta": {
      "filename": "rich-radioset.tsx",
      "path": "web/components/oj-c/rich-radioset"
    },
    "type": {
      "names": [
        "boolean"
      ]
    }
  },
  {
    "memberof": "oj-c.RichRadioset",
    "id": "oj-c.RichRadioset#required",
    "name": "required",
    "kind": "member",
    "longname": "oj-c.RichRadioset#required",
    "optional": true,
    "scope": "instance",
    "description": "<p>\nThis property set to <code class=\"prettyprint\">false</code> implies that a value is not required to be provided by the user.\nThis is the default.\nThis property set to <code class=\"prettyprint\">true</code> implies that a value is required to be provided by the user.\n</p>\n<p>\nIn the Redwood theme, by default, a Required text is rendered inline when the field is empty.\n</p>\n<p>The Required error text is based on Redwood UX designs, and it is not recommended that\nit be changed.\nTo override the required error message,\nuse the <code class=\"prettyprint\">required-message-detail</code> attribute.\nThe component's label text is passed in as a token {label} and can be used in the message detail.\n</p>\n<p>When required is set to true, an implicit\nrequired validator is created, i.e.,\n<code class=\"prettyprint\">new RequiredValidator()</code>. The required validator is the only\nvalidator to run during initial render, and its error is not shown to the user at this time;\nthis is called deferred validation. The required validator also runs during normal validation;\nthis is when the errors are shown to the user.\nSee the <a href=\"#validation-section\">Validation and Messaging</a> section for details.\n</p>\n<p>\nWhen the <code class=\"prettyprint\">required</code> property changes due to programmatic intervention,\nthe component may clear component messages and run validation, based on the current state it's in. </br>\n\n<h4>Running Validation when required property changes</h4>\n<ul>\n<li>if component is valid when required is set to true, then it runs deferred validation on\nthe value property. If the field is empty, the valid state is invalidHidden. No errors are\nshown to the user.\n</li>\n<li>if component is valid when required is set from true to false, then no validation is run.\n</li>\n<li>if component is invalid and has deferred messages (invalidHidden) when required is set to false, then\ncomponent messages are cleared (messages-custom messages are not cleared)\nbut no deferred validation is run because required is false.\n</li>\n<li>if component is invalid and currently showing invalid messages (invalidShown) when required is changed\nto either true or false, then\ncomponent messages are cleared and normal validation is run using the current display value.\n<ul>\n<li>if there are validation errors, then <code class=\"prettyprint\">value</code>\nproperty is not updated and the error is shown.\n</li>\n<li>if no errors result from the validation, the <code class=\"prettyprint\">value</code>\nproperty is updated; page author can listen to the <code class=\"prettyprint\">valueChanged</code>\nevent on the component to clear custom errors.</li>\n</ul>\n</li>\n</ul>\n\n<h4>Clearing Messages when required property changes</h4>\n<ul>\n<li>Only messages created by the component, like validation messages, are cleared when the required property changes.</li>\n<li><code class=\"prettyprint\">messagesCustom</code> property is not cleared.</li>\n</ul>\n\n</p>",
    "meta": {
      "filename": "rich-radioset.tsx",
      "path": "web/components/oj-c/rich-radioset"
    },
    "defaultvalue": false,
    "type": {
      "names": [
        "boolean"
      ]
    }
  },
  {
    "memberof": "oj-c.RichRadioset",
    "id": "oj-c.RichRadioset#userAssistanceDensity",
    "name": "userAssistanceDensity",
    "kind": "member",
    "longname": "oj-c.RichRadioset#userAssistanceDensity",
    "optional": true,
    "scope": "instance",
    "description": "<p>\nSpecifies the density of the form component's user assistance presentation. It can be shown inline with\nreserved rows to prevent reflow if a user assistance text shows up, inline without reserved rows that would\nreflow if a user assistance text shows up, or it can be shown compactly in a popup instead.\n</p>\n<p>\nIf the property value is not set either directly on the component or inherited from\na parent form layout, then the property is treated as if its value were \"reflow\".\n</p>",
    "meta": {
      "filename": "rich-radioset.tsx",
      "path": "web/components/oj-c/rich-radioset"
    },
    "ojvalues": [
      {
        "name": "reflow",
        "description": "Help and hints are shown above the field. Messages and required are shown inline under the field with no reserved space.",
        "displayName": "Reflow",
        "type": {
          "names": [
            "string"
          ]
        }
      },
      {
        "name": "efficient",
        "description": "Help and hints are shown above the field. Messages and required are shown inline under the field with reserved space.",
        "displayName": "Efficient",
        "type": {
          "names": [
            "string"
          ]
        }
      },
      {
        "name": "compact",
        "description": "Help and hints are shown above the field. Messages and required are shown inline under the field with reserved space.",
        "displayName": "Compact",
        "type": {
          "names": [
            "string"
          ]
        }
      }
    ],
    "type": {
      "names": [
        "\"compact\"",
        "\"reflow\"",
        "\"efficient\""
      ]
    }
  },
  {
    "memberof": "oj-c.RichRadioset",
    "id": "oj-c.RichRadioset#options",
    "name": "options",
    "kind": "member",
    "longname": "oj-c.RichRadioset#options",
    "optional": false,
    "scope": "instance",
    "description": "An array of data items that returns the option items for the Rich Radioset.",
    "meta": {
      "filename": "rich-radioset.tsx",
      "path": "web/components/oj-c/rich-radioset"
    },
    "type": {
      "names": [
        "Array<object>"
      ]
    },
    "tstype": [
      {
        "target": "Type",
        "value": "Array<oj-c.RichRadioset.ItemDataType<V> & oj-c.RichRadioset.NoMediaType|oj-c.RichRadioset.ItemDataType<V> & oj-c.RichRadioset.ThumbnailType|oj-c.RichRadioset.ItemDataType<V> & oj-c.RichRadioset.IconType|oj-c.RichRadioset.ItemDataType<V> & oj-c.RichRadioset.AvatarType>",
        "jsdocOverride": true
      }
    ]
  },
  {
    "memberof": "oj-c.RichRadioset",
    "id": "oj-c.RichRadioset#requiredMessageDetail",
    "name": "requiredMessageDetail",
    "kind": "member",
    "longname": "oj-c.RichRadioset#requiredMessageDetail",
    "optional": true,
    "scope": "instance",
    "description": "<p>\nThe component-specific message detail when the required validation fails.\nIf the component needs a required validation error message that is different from the default,\nset this property. It should be a translated string.\n</p>",
    "meta": {
      "filename": "rich-radioset.tsx",
      "path": "web/components/oj-c/rich-radioset"
    },
    "type": {
      "names": [
        "string"
      ]
    }
  },
  {
    "memberof": "oj-c.RichRadioset",
    "id": "oj-c.RichRadioset#valid",
    "name": "valid",
    "kind": "member",
    "longname": "oj-c.RichRadioset#valid",
    "optional": true,
    "scope": "instance",
    "ojwriteback": true,
    "readonly": true,
    "description": "<p>\nThe current valid state of the component. It is evaluated on initial render.\nIt is re-evaluated\n<ul>\n<li>when messagesCustom is updated,\nsince messagesCustom can be added by the app developer any time.</li>\n<li>when showMessages() is called. Since showMessages() moves the\nhidden messages into messages shown,\nif the valid state was \"invalidHidden\" then it would become \"invalidShown\".</li>\n<li>when the required property has changed. If a component is empty and has required\nset, the valid state may be \"invalidHidden\" (if no invalid messages are being shown as well).\nIf required property is removed, the valid state would change to \"valid\".</li>\n</ul>\n</p>\n<p>\n Note: New valid states may be added to the list of valid values in future releases.\n Any new values will start with \"invalid\"\n if it is an invalid state, \"pending\" if it is pending state,\n and \"valid\" if it is a valid state.\n</p>",
    "meta": {
      "filename": "rich-radioset.tsx",
      "path": "web/components/oj-c/rich-radioset"
    },
    "ojvalues": [
      {
        "name": "valid",
        "description": "The component is valid",
        "displayName": "Valid",
        "type": {
          "names": [
            "string"
          ]
        }
      },
      {
        "name": "pending",
        "description": "The component is waiting for the validation state to be determined. The 'pending' state is set at the start of the convert/validate process.",
        "displayName": "Pending",
        "type": {
          "names": [
            "string"
          ]
        }
      },
      {
        "name": "invalidHidden",
        "description": "The component has invalid messages hidden and no invalid messages showing. An invalid message is one with severity 'error'.",
        "displayName": "Invalid Hidden",
        "type": {
          "names": [
            "string"
          ]
        }
      },
      {
        "name": "invalidShown",
        "description": "The component has invalid messages showing. An invalid message is one with severity 'error'.",
        "displayName": "Invalid Shown",
        "type": {
          "names": [
            "string"
          ]
        }
      }
    ],
    "type": {
      "names": [
        "\"pending\"",
        "\"valid\"",
        "\"invalidHidden\"",
        "\"invalidShown\""
      ]
    }
  },
  {
    "memberof": "oj-c.RichRadioset",
    "id": "oj-c.RichRadioset#value",
    "name": "value",
    "kind": "member",
    "longname": "oj-c.RichRadioset#value",
    "optional": true,
    "scope": "instance",
    "ojwriteback": true,
    "description": "The value of the component.\n\n<p>\nWhen <code class=\"prettyprint\">value</code> property changes due to programmatic\nintervention, the component always clears all messages\nincluding <code class=\"prettyprint\">messagesCustom</code>, runs deferred validation, and\nalways refreshes UI display value.\n</p>\n\n<h4>Running Validation</h4>\n<ul>\n<li>component always runs deferred validation; the\n<code class=\"prettyprint\">valid</code> property is updated with the result.</li>\n</ul>",
    "meta": {
      "filename": "rich-radioset.tsx",
      "path": "web/components/oj-c/rich-radioset"
    },
    "type": {
      "names": [
        "string|number|null"
      ]
    },
    "tstype": [
      {
        "target": "Type",
        "value": "V|null",
        "jsdocOverride": true
      }
    ]
  },
  {
    "memberof": "oj-c.RichRadioset",
    "id": "oj-c.RichRadioset#blur",
    "name": "blur",
    "kind": "function",
    "longname": "oj-c.RichRadioset#blur",
    "description": "Blurs the rich radioset.",
    "ojhidden": true,
    "meta": {
      "filename": "rich-radioset.tsx",
      "path": "web/components/oj-c/rich-radioset"
    },
    "scope": "instance",
    "returns": [
      {
        "type": {
          "names": [
            "void"
          ]
        }
      }
    ]
  },
  {
    "memberof": "oj-c.RichRadioset",
    "id": "oj-c.RichRadioset#focus",
    "name": "focus",
    "kind": "function",
    "longname": "oj-c.RichRadioset#focus",
    "description": "Sets focus on the selected radio card or the first tabbable radio card.",
    "ojhidden": true,
    "meta": {
      "filename": "rich-radioset.tsx",
      "path": "web/components/oj-c/rich-radioset"
    },
    "scope": "instance",
    "returns": [
      {
        "type": {
          "names": [
            "void"
          ]
        }
      }
    ]
  },
  {
    "memberof": "oj-c.RichRadioset",
    "id": "oj-c.RichRadioset#showMessages",
    "name": "showMessages",
    "kind": "function",
    "longname": "oj-c.RichRadioset#showMessages",
    "description": "Takes all deferred messages and shows them.\nIt then updates the valid property;\ne.g., if the valid state was \"invalidHidden\" before showMessages(),\nthe valid state will become \"invalidShown\" after showMessages().\nIf there were no deferred messages this method simply returns.",
    "meta": {
      "filename": "rich-radioset.tsx",
      "path": "web/components/oj-c/rich-radioset"
    },
    "scope": "instance",
    "returns": [
      {
        "type": {
          "names": [
            "void"
          ]
        }
      }
    ]
  },
  {
    "memberof": "oj-c.RichRadioset",
    "id": "oj-c.RichRadioset#reset",
    "name": "reset",
    "kind": "function",
    "longname": "oj-c.RichRadioset#reset",
    "description": "Resets the component by clearing all messages as well as the <code class=\"prettyprint\">messagesCustom</code>\nattribute, and also resets the component instance's <code class=\"prettyprint\">value</code> to its default.\nAny user entered value will be erased.",
    "meta": {
      "filename": "rich-radioset.tsx",
      "path": "web/components/oj-c/rich-radioset"
    },
    "scope": "instance",
    "returns": [
      {
        "type": {
          "names": [
            "void"
          ]
        }
      }
    ]
  },
  {
    "memberof": "oj-c.RichRadioset",
    "id": "oj-c.RichRadioset#validate",
    "name": "validate",
    "kind": "function",
    "longname": "oj-c.RichRadioset#validate",
    "description": "If enabled, validates the component's display value (or null if display value is empty) and updates the value\noption by performing the following steps.\n<ol>\n<li>All messages are cleared, including custom messages added by the app.</li>\n<li>\n At the end of validation if there are errors, the messages are shown.\n If there were no errors, then the value option is updated.\n</li>\n</ol>\n<p>If the component is readonly or disabled, returns a Promise that resolves to 'valid'\nwithout doing any validation.</p>",
    "meta": {
      "filename": "rich-radioset.tsx",
      "path": "web/components/oj-c/rich-radioset"
    },
    "scope": "instance",
    "returns": [
      {
        "type": {
          "names": [
            "Promise"
          ]
        },
        "description": "The Promise resolves to \"valid\" if the component is disabled or readonly.\nThe Promise resolves to \"invalid\" if there were errors."
      }
    ]
  },
  {
    "memberof": "oj-c.RichRadioset",
    "id": "oj-c.RichRadioset#setProperty",
    "name": "setProperty",
    "kind": "function",
    "longname": "oj-c.RichRadioset#setProperty",
    "description": "Sets a property or a single subproperty for complex properties and notifies the component of the change, triggering a corresponding event.",
    "meta": {
      "filename": "rich-radioset.tsx",
      "path": "web/components/oj-c/rich-radioset"
    },
    "scope": "instance",
    "params": [
      {
        "name": "property",
        "description": "The property name to set. Supports dot notation for subproperty access.",
        "type": "string"
      },
      {
        "name": "value",
        "description": "The new value to set the property to.",
        "type": "any"
      }
    ],
    "returns": [
      {
        "type": {
          "names": [
            "void"
          ]
        }
      }
    ]
  },
  {
    "memberof": "oj-c.RichRadioset",
    "id": "oj-c.RichRadioset#getProperty",
    "name": "getProperty",
    "kind": "function",
    "longname": "oj-c.RichRadioset#getProperty",
    "description": "Retrieves the value of a property or a subproperty.",
    "meta": {
      "filename": "rich-radioset.tsx",
      "path": "web/components/oj-c/rich-radioset"
    },
    "scope": "instance",
    "params": [
      {
        "name": "property",
        "description": "The property name to get. Supports dot notation for subproperty access.",
        "type": "string"
      }
    ],
    "returns": [
      {
        "type": {
          "names": [
            "any"
          ]
        }
      }
    ]
  },
  {
    "memberof": "oj-c.RichRadioset",
    "id": "oj-c.RichRadioset#setProperties",
    "name": "setProperties",
    "kind": "function",
    "longname": "oj-c.RichRadioset#setProperties",
    "description": "Performs a batch set of properties.",
    "meta": {
      "filename": "rich-radioset.tsx",
      "path": "web/components/oj-c/rich-radioset"
    },
    "scope": "instance",
    "params": [
      {
        "name": "properties",
        "description": "An object containing the property and value pairs to set.",
        "type": "object"
      }
    ],
    "returns": [
      {
        "type": {
          "names": [
            "void"
          ]
        }
      }
    ]
  },
  {
    "id": "oj-c.RichRadioset.touchDoc",
    "name": "touchDoc",
    "kind": "member",
    "longname": "oj-c.RichRadioset.touchDoc",
    "description": "<table class=\"keyboard-table\">\n  <thead>\n    <tr>\n      <th>Target</th>\n      <th>Gesture</th>\n      <th>Action</th>\n    </tr>\n  </thead>\n  <tbody>\n    <tr>\n      <td>Rich Radio Card</td>\n      <td><kbd>Tap</kbd></td>\n      <td>Select the corresponding radio button.</td>\n    </tr>\n  </tbody>\n</table>",
    "memberof": "oj-c.RichRadioset",
    "meta": {
      "filename": "rich-radioset.tsx",
      "path": "web/components/oj-c/rich-radioset"
    },
    "ojfragment": true
  },
  {
    "id": "oj-c.RichRadioset.keyboardDoc",
    "name": "keyboardDoc",
    "kind": "member",
    "longname": "oj-c.RichRadioset.keyboardDoc",
    "description": "<table class=\"keyboard-table\">\n  <thead>\n    <tr>\n      <th>Target</th>\n      <th>Key</th>\n      <th>Action</th>\n    </tr>\n  </thead>\n  <tbody>\n    <tr>\n      <td>Rich Radioset</td>\n      <td><kbd>Tab In</kbd></td>\n      <td>Sets focus to the selected card in the rich radioset.\n      Otherwise, it will set focus to the first focusable card in the rich radioset.\n      Disabled radio cards are not focusable.</td>\n    </tr>\n    <tr>\n      <td rowspan=\"2\">Rich Radio Card</td>\n      <td><kbd>UpArrow</kbd></td>\n      <td>Select the previous radio button in the group.</td>\n    </tr>\n    <tr>\n      <td><kbd>DownArrow</kbd></td>\n      <td>Select the next radio button in the group.</td>\n    </tr>\n    <tr>\n      <td>Rich Radioset</td>\n      <td><kbd>Shift+Tab</kbd></td>\n      <td>Sets focus to the selected card in the rich radioset.\n       If the focus is currently on the first focusable radio card in the set, it will\n       shift to the \"Learn More\" link if help source exists. If no help source is available,\n       the focus will move to the previous focusable element on the page before the `oj-c-rich-radioset`.\n       Disabled radio cards are not focusable.</td>\n    </tr>\n  </tbody>\n</table>",
    "memberof": "oj-c.RichRadioset",
    "meta": {
      "filename": "rich-radioset.tsx",
      "path": "web/components/oj-c/rich-radioset"
    },
    "ojfragment": true
  },
  {
    "memberof": "oj-c.RichRadioset",
    "id": "oj-c.RichRadioset.DisplayOptionsProps",
    "name": "DisplayOptionsProps",
    "kind": "typedef",
    "longname": "oj-c.RichRadioset.DisplayOptionsProps",
    "scope": "static",
    "description": "Display options for auxiliary content that determines whether or not it should be displayed.",
    "type": {
      "names": [
        "Object"
      ]
    },
    "meta": {
      "filename": "rich-radioset.tsx",
      "path": "web/components/oj-c/rich-radioset"
    },
    "properties": [
      {
        "name": "messages",
        "description": "Display options for auxiliary message text.",
        "optional": true,
        "type": {
          "names": [
            "\"none\"",
            "\"display\""
          ]
        },
        "defaultvalue": "\"display\""
      }
    ]
  },
  {
    "memberof": "oj-c.RichRadioset",
    "id": "oj-c.RichRadioset.Help",
    "name": "Help",
    "kind": "typedef",
    "longname": "oj-c.RichRadioset.Help",
    "scope": "static",
    "description": "Form component help information.",
    "type": {
      "names": [
        "Object"
      ]
    },
    "meta": {
      "filename": "rich-radioset.tsx",
      "path": "web/components/oj-c/rich-radioset"
    },
    "properties": [
      {
        "name": "instruction",
        "description": "A type of user assistance text. User assistance text is used to provide guidance to\nhelp the user understand what data to enter or select.",
        "optional": true,
        "type": {
          "names": [
            "string"
          ]
        }
      }
    ]
  },
  {
    "memberof": "oj-c.RichRadioset",
    "id": "oj-c.RichRadioset.HelpHints",
    "name": "HelpHints",
    "kind": "typedef",
    "longname": "oj-c.RichRadioset.HelpHints",
    "scope": "static",
    "description": "The helpHints object contains a definition property and a source property.",
    "type": {
      "names": [
        "Object"
      ]
    },
    "meta": {
      "filename": "rich-radioset.tsx",
      "path": "web/components/oj-c/rich-radioset"
    },
    "properties": [
      {
        "name": "definition",
        "description": "A type of user assistance text. User assistance text is used to provide guidance to help\nthe user understand what data to enter or select. help-hints could come from a help system.",
        "optional": true,
        "type": {
          "names": [
            "string"
          ]
        }
      },
      {
        "name": "source",
        "description": "Help source URL associated with the component.",
        "optional": true,
        "type": {
          "names": [
            "string"
          ]
        }
      },
      {
        "name": "sourceText",
        "description": "Custom text to be used for the source link.",
        "optional": true,
        "type": {
          "names": [
            "string"
          ]
        }
      }
    ]
  },
  {
    "memberof": "oj-c.RichRadioset",
    "id": "oj-c.RichRadioset.ComponentMessageItem",
    "name": "ComponentMessageItem",
    "kind": "typedef",
    "longname": "oj-c.RichRadioset.ComponentMessageItem",
    "scope": "static",
    "description": "A type for a single component message",
    "type": {
      "names": [
        "Object"
      ]
    },
    "meta": {
      "filename": "rich-radioset.tsx",
      "path": "web/components/oj-c/rich-radioset"
    },
    "properties": [
      {
        "name": "summary",
        "optional": true,
        "type": {
          "names": [
            "string"
          ]
        }
      },
      {
        "name": "detail",
        "optional": true,
        "type": {
          "names": [
            "string"
          ]
        }
      },
      {
        "name": "severity",
        "optional": true,
        "type": {
          "names": [
            "\"error\"",
            "\"confirmation\"",
            "\"info\"",
            "\"warning\""
          ]
        }
      }
    ]
  },
  {
    "memberof": "oj-c.RichRadioset",
    "id": "oj-c.RichRadioset.ItemDataType",
    "name": "ItemDataType",
    "kind": "typedef",
    "longname": "oj-c.RichRadioset.ItemDataType",
    "scope": "static",
    "description": "",
    "tsgenerictype": {
      "target": "Type",
      "value": "<V>",
      "for": "genericTypeParameters"
    },
    "type": {
      "names": [
        "Object"
      ]
    },
    "meta": {
      "filename": "rich-radioset.tsx",
      "path": "web/components/oj-c/rich-radioset"
    },
    "properties": [
      {
        "name": "label",
        "description": "Considered as label and accessible text for the component.",
        "optional": false,
        "type": {
          "names": [
            "string"
          ]
        }
      },
      {
        "name": "secondaryText",
        "description": "Provides concise detail information about the item.",
        "optional": true,
        "type": {
          "names": [
            "string"
          ]
        }
      },
      {
        "name": "value",
        "description": "Value of the RichSelectionItem.",
        "optional": false,
        "type": {
          "names": [
            "any"
          ]
        },
        "tstype": [
          {
            "target": "Type",
            "value": "V",
            "jsdocOverride": true,
            "for": "value"
          }
        ]
      }
    ]
  },
  {
    "memberof": "oj-c.RichRadioset",
    "id": "oj-c.RichRadioset.NoMediaType",
    "name": "NoMediaType",
    "kind": "typedef",
    "longname": "oj-c.RichRadioset.NoMediaType",
    "scope": "static",
    "description": "",
    "type": {
      "names": [
        "Object"
      ]
    },
    "meta": {
      "filename": "rich-radioset.tsx",
      "path": "web/components/oj-c/rich-radioset"
    },
    "properties": [
      {
        "name": "avatar",
        "optional": true,
        "type": {
          "names": [
            "never"
          ]
        }
      },
      {
        "name": "iconClass",
        "optional": true,
        "type": {
          "names": [
            "never"
          ]
        }
      },
      {
        "name": "mediaAccessibleLabel",
        "optional": true,
        "type": {
          "names": [
            "never"
          ]
        }
      },
      {
        "name": "thumbnailSrc",
        "optional": true,
        "type": {
          "names": [
            "never"
          ]
        }
      }
    ]
  },
  {
    "memberof": "oj-c.RichRadioset",
    "id": "oj-c.RichRadioset.ThumbnailType",
    "name": "ThumbnailType",
    "kind": "typedef",
    "longname": "oj-c.RichRadioset.ThumbnailType",
    "scope": "static",
    "description": "",
    "type": {
      "names": [
        "Object"
      ]
    },
    "meta": {
      "filename": "rich-radioset.tsx",
      "path": "web/components/oj-c/rich-radioset"
    },
    "properties": [
      {
        "name": "mediaAccessibleLabel",
        "description": "This will apply aria-label to Thumbnail. If it's not provided the media would be hidden from screen readers.",
        "optional": true,
        "type": {
          "names": [
            "string"
          ]
        }
      },
      {
        "name": "thumbnailSrc",
        "optional": true,
        "type": {
          "names": [
            "string"
          ]
        }
      },
      {
        "name": "iconClass",
        "optional": true,
        "type": {
          "names": [
            "never"
          ]
        }
      },
      {
        "name": "avatar",
        "optional": true,
        "type": {
          "names": [
            "never"
          ]
        }
      }
    ]
  },
  {
    "memberof": "oj-c.RichRadioset",
    "id": "oj-c.RichRadioset.IconType",
    "name": "IconType",
    "kind": "typedef",
    "longname": "oj-c.RichRadioset.IconType",
    "scope": "static",
    "description": "",
    "type": {
      "names": [
        "Object"
      ]
    },
    "meta": {
      "filename": "rich-radioset.tsx",
      "path": "web/components/oj-c/rich-radioset"
    },
    "properties": [
      {
        "name": "mediaAccessibleLabel",
        "optional": true,
        "type": {
          "names": [
            "never"
          ]
        }
      },
      {
        "name": "thumbnailSrc",
        "optional": true,
        "type": {
          "names": [
            "never"
          ]
        }
      },
      {
        "name": "iconClass",
        "optional": true,
        "type": {
          "names": [
            "string"
          ]
        }
      },
      {
        "name": "avatar",
        "optional": true,
        "type": {
          "names": [
            "never"
          ]
        }
      }
    ]
  },
  {
    "memberof": "oj-c.RichRadioset",
    "id": "oj-c.RichRadioset.RichSelectionAvatar",
    "name": "RichSelectionAvatar",
    "kind": "typedef",
    "longname": "oj-c.RichRadioset.RichSelectionAvatar",
    "scope": "static",
    "description": "Partial Avatar Props type utilized for the media.",
    "type": {
      "names": [
        "Object"
      ]
    },
    "meta": {
      "filename": "rich-radioset.tsx",
      "path": "web/components/oj-c/rich-radioset"
    },
    "properties": [
      {
        "name": "shape",
        "optional": true,
        "type": {
          "names": [
            "\"square\"",
            "\"circle\""
          ]
        }
      },
      {
        "name": "src",
        "optional": true,
        "type": {
          "names": [
            "string"
          ]
        }
      },
      {
        "name": "background",
        "optional": true,
        "type": {
          "names": [
            "\"blue\"",
            "\"gray\"",
            "\"green\"",
            "\"orange\"",
            "\"pink\"",
            "\"purple\"",
            "\"teal\"",
            "\"neutral\"",
            "\"slate\"",
            "\"lilac\""
          ]
        }
      },
      {
        "name": "initials",
        "optional": true,
        "type": {
          "names": [
            "string"
          ]
        }
      }
    ]
  },
  {
    "memberof": "oj-c.RichRadioset",
    "id": "oj-c.RichRadioset.AvatarType",
    "name": "AvatarType",
    "kind": "typedef",
    "longname": "oj-c.RichRadioset.AvatarType",
    "scope": "static",
    "description": "",
    "type": {
      "names": [
        "Object"
      ]
    },
    "meta": {
      "filename": "rich-radioset.tsx",
      "path": "web/components/oj-c/rich-radioset"
    },
    "properties": [
      {
        "name": "mediaAccessibleLabel",
        "description": "This will apply aria-label to Avatar. If it's not provided the media would be hidden from screen readers.",
        "optional": true,
        "type": {
          "names": [
            "string"
          ]
        }
      },
      {
        "name": "thumbnailSrc",
        "optional": true,
        "type": {
          "names": [
            "never"
          ]
        }
      },
      {
        "name": "iconClass",
        "optional": true,
        "type": {
          "names": [
            "never"
          ]
        }
      },
      {
        "name": "avatar",
        "optional": true,
        "type": {
          "names": [
            "object"
          ]
        },
        "tstype": [
          {
            "target": "Type",
            "value": "oj-c.RichRadioset.RichSelectionAvatar",
            "jsdocOverride": true,
            "for": "avatar"
          }
        ]
      }
    ]
  }
]