[
  {
    "pack": "oj-c",
    "id": "oj-c.Skeleton",
    "name": "Skeleton",
    "memberof": "oj-c",
    "longname": "oj-c.Skeleton",
    "kind": "class",
    "classdesc": "<h3 id=\"skeletonOverview-section\">\n  JET Skeleton\n  <a class=\"bookmarkable-link\" title=\"Bookmarkable Link\" href=\"#skeletonOverview-section\"></a>\n</h3>\n<p>Description: A skeleton gives a visual representation that content is loading. </p>\n<p>The oj-c-skeleton is a component that may be placed within the skeletonTemplate of oj-c-card-view.\n\n<pre class=\"prettyprint\">\n<code>\n&lt;oj-c-card-view\n   id=\"cardview\"\n         class=\"demo-card-view\"\n         aria-label=\"cardview with custom skeleton\"\n         data=[[dataProvider]]>\n     &lt;template slot=\"skeletonTemplate\" data-oj-as=\"context\">\n       &lt;div class=\"oj-panel oj-sm-padding-0 \n        :style=\"[[context.loadingStatus === 'initial' ? { width: '300px', height: '240px' } : { width: context.width, height: context.height } ]]\">\n           &lt;oj-c-skeleton height =\"100%\">\n           &lt;/oj-c-skeleton>\n       &lt;/div>\n     &lt;/template>\n     &lt;template data-oj-as=\"item\" slot=\"itemTemplate\">\n       &lt;div class=\"oj-panel\">\n         &lt;demo-profile-card-layout\n           name=\"[[item.data.name]]\"\n           initials=\"[[item.data.initials]]\"\n         >\n         &lt;/demo-profile-card-layout>\n       &lt;/div>\n     &lt;/template>\n&lt;/oj-c-card-view>\n</code></pre>",
    "scope": "static",
    "tagWithoutBrackets": "oj-c-skeleton",
    "tagWithBrackets": "<oj-c-skeleton>",
    "domInterface": "CSkeletonElement",
    "ojPageTitle": "&lt;oj-c-skeleton>",
    "ojcomponent": true,
    "isvcomponent": true,
    "camelCaseName": "Skeleton",
    "ojPageTitlePrefix": "Element: ",
    "ojtsvcomponent": true,
    "tstype": {
      "target": "Type",
      "value": "interface CSkeletonElement extends JetElement<SkeletonElementSettableProperties>"
    },
    "ojsignature": [
      {
        "target": "Type",
        "value": "interface CSkeletonElement extends JetElement<SkeletonElementSettableProperties>"
      }
    ],
    "since": "18.0.0",
    "tsdeprecated": [
      {
        "type": "candidate",
        "since": "18.0.0"
      }
    ],
    "meta": {
      "filename": "skeleton.tsx",
      "path": "web/components/oj-c/skeleton"
    },
    "ojmodule": "skeleton"
  },
  {
    "memberof": "oj-c.Skeleton",
    "id": "oj-c.Skeleton#height",
    "name": "height",
    "kind": "member",
    "longname": "oj-c.Skeleton#height",
    "optional": false,
    "scope": "instance",
    "description": "Specifies the height of the skeleton",
    "meta": {
      "filename": "skeleton.tsx",
      "path": "web/components/oj-c/skeleton"
    },
    "type": {
      "names": [
        "number|string"
      ]
    }
  },
  {
    "memberof": "oj-c.Skeleton",
    "id": "oj-c.Skeleton#width",
    "name": "width",
    "kind": "member",
    "longname": "oj-c.Skeleton#width",
    "optional": true,
    "scope": "instance",
    "description": "Specifies the width of the skeleton",
    "meta": {
      "filename": "skeleton.tsx",
      "path": "web/components/oj-c/skeleton"
    },
    "type": {
      "names": [
        "number|string"
      ]
    }
  },
  {
    "memberof": "oj-c.Skeleton",
    "id": "oj-c.Skeleton#borderRadius",
    "name": "borderRadius",
    "kind": "member",
    "longname": "oj-c.Skeleton#borderRadius",
    "optional": true,
    "scope": "instance",
    "description": "Specifies the border radius of the skeleton",
    "meta": {
      "filename": "skeleton.tsx",
      "path": "web/components/oj-c/skeleton"
    },
    "type": {
      "names": [
        "number|string"
      ]
    }
  },
  {
    "memberof": "oj-c.Skeleton",
    "id": "oj-c.Skeleton#setProperty",
    "name": "setProperty",
    "kind": "function",
    "longname": "oj-c.Skeleton#setProperty",
    "description": "Sets a property or a single subproperty for complex properties and notifies the component of the change, triggering a corresponding event.",
    "meta": {
      "filename": "skeleton.tsx",
      "path": "web/components/oj-c/skeleton"
    },
    "scope": "instance",
    "params": [
      {
        "name": "property",
        "description": "The property name to set. Supports dot notation for subproperty access.",
        "type": "string"
      },
      {
        "name": "value",
        "description": "The new value to set the property to.",
        "type": "any"
      }
    ],
    "returns": [
      {
        "type": {
          "names": [
            "void"
          ]
        }
      }
    ]
  },
  {
    "memberof": "oj-c.Skeleton",
    "id": "oj-c.Skeleton#getProperty",
    "name": "getProperty",
    "kind": "function",
    "longname": "oj-c.Skeleton#getProperty",
    "description": "Retrieves the value of a property or a subproperty.",
    "meta": {
      "filename": "skeleton.tsx",
      "path": "web/components/oj-c/skeleton"
    },
    "scope": "instance",
    "params": [
      {
        "name": "property",
        "description": "The property name to get. Supports dot notation for subproperty access.",
        "type": "string"
      }
    ],
    "returns": [
      {
        "type": {
          "names": [
            "any"
          ]
        }
      }
    ]
  },
  {
    "memberof": "oj-c.Skeleton",
    "id": "oj-c.Skeleton#setProperties",
    "name": "setProperties",
    "kind": "function",
    "longname": "oj-c.Skeleton#setProperties",
    "description": "Performs a batch set of properties.",
    "meta": {
      "filename": "skeleton.tsx",
      "path": "web/components/oj-c/skeleton"
    },
    "scope": "instance",
    "params": [
      {
        "name": "properties",
        "description": "An object containing the property and value pairs to set.",
        "type": "object"
      }
    ],
    "returns": [
      {
        "type": {
          "names": [
            "void"
          ]
        }
      }
    ]
  }
]