{
  "name": "action-card",
  "version": "18.1.1",
  "jetVersion": "^18.1.1",
  "pack": "oj-c",
  "type": "composite",
  "dependencyScope": "runtime",
  "license": "https://opensource.org/licenses/UPL",
  "implements": [
    "CActionCardElement"
  ],
  "description": "An Action Card is an actionable container rendering related information",
  "displayName": "Action Card",
  "help": "oj-c.ActionCard.html",
  "main": "oj-c/action-card",
  "status": [
    {
      "type": "candidate",
      "since": "17.0.0"
    }
  ],
  "extension": {
    "catalog": {
      "category": "Layout & Nav"
    },
    "oracle": {
      "icon": "oj-ux-ico-object-card",
      "uxSpecs": [
        "card"
      ]
    },
    "vbdt": {
      "module": "oj-c/action-card",
      "defaultColumns": 1,
      "minColumns": 1
    },
    "webelement": {
      "docUrl": "https://www.oracle.com/webfolder/technetwork/jet/cpwdtsdoc/classes/ActionCardWebElement.html"
    }
  },
  "since": "16.0.0",
  "slots": {
    "": {
      "description": "The default slot is the content of the card.",
      "displayName": "Default",
      "help": "#default"
    }
  },
  "events": {
    "ojAction": {
      "bubbles": true,
      "description": "Triggered when a card is clicked, whether by keyboard, mouse, or touch events. To meet accessibility requirements, the only supported way to react to the click is to listen for this event.",
      "eventGroup": "common",
      "displayName": "onOjAction",
      "help": "#event:action"
    }
  },
  "methods": {
    "click": {
      "return": "any"
    },
    "blur": {
      "return": "any"
    },
    "focus": {
      "return": "any"
    },
    "setProperty": {
      "description": "Sets a property or a single subproperty for complex properties and notifies the component of the change, triggering a corresponding event.",
      "help": "#setProperty",
      "params": [
        {
          "name": "property",
          "description": "The property name to set. Supports dot notation for subproperty access.",
          "type": "string"
        },
        {
          "name": "value",
          "description": "The new value to set the property to.",
          "type": "any"
        }
      ],
      "return": "void"
    },
    "getProperty": {
      "description": "Retrieves the value of a property or a subproperty.",
      "help": "#getProperty",
      "params": [
        {
          "name": "property",
          "description": "The property name to get. Supports dot notation for subproperty access.",
          "type": "string"
        }
      ],
      "return": "any"
    },
    "setProperties": {
      "description": "Performs a batch set of properties.",
      "help": "#setProperties",
      "params": [
        {
          "name": "properties",
          "description": "An object containing the property and value pairs to set.",
          "type": "object"
        }
      ],
      "return": "void"
    }
  }
}